/**********************************************************************************************/
show databases;
/**********************************************************************************************/
create database students;
use students;
create table info (id INT NOT NULL AUTO_INCREMENT PRIMARY KEY, name TEXT, email TEXT, courses TEXT, imported TEXT);
insert into info (name, email, courses, imported) values ('Tina', 'tina@example.com','1', '114215072020');
insert into info (name, email, courses, imported) values ('Silva', 'silva@example.com', '4', '114215072020');
insert into info (name, email, courses, imported) values ('Alexis', 'alexis@example.com', '10', '114215072020');
insert into info (name, email, courses, imported) values ('Eureka', 'eureka@example.com', '4', '114215072020');
insert into info (name, email, courses, imported) values ('Ford', 'ford@example.com', '3', '114215072020');
select name, email, courses from info where imported like '114215072020';
/**********************************************************************************************/
create database users;
use users;
create table profile (id INT NOT NULL AUTO_INCREMENT PRIMARY KEY,  surname TEXT, name TEXT, age TEXT,  height FLOAT, phone TEXT, imported TEXT);
insert into profile (surname , name , age ,  height, phone, imported) values ('Silva', 'Abel', '27', '1.75', '+351 900 000 000', '114215072020');
insert into profile (surname , name , age ,  height, phone, imported) values ('Silva', 'Carlos', '27', '1.72', '+351 900 000 001', '114215072020');
insert into profile (surname , name , age ,  height, phone, imported) values ('Alves', 'Carolina', '35', '1.72', '+351 900 000 002', '114215072020');
insert into profile (surname , name , age ,  height, phone, imported) values ('Bento', 'Dakota', '30', '1.65', '+351 900 000 003', '114215072020');
insert into profile (surname , name , age ,  height, phone, imported) values ('Antunes', 'Diogo', '29', '1.80', '+351 900 000 004', '114215072020');
insert into profile (surname , name , age ,  height, phone, imported) values ('Ford', 'Herry', '57', '1.82', '+351 900 000 005', '114215072020');
insert into profile (surname , name , age ,  height, phone, imported) values ('Fernandes', 'Jonas', '45', '1.68', '+351 900 000 006', '114215072020');
insert into profile (surname , name , age ,  height, phone, imported) values ('Pereira', 'Julio', '22',  '1.74', '+351 900 000 007', '114215072020');
insert into profile (surname , name , age ,  height, phone, imported) values ('Manuel', 'Pedro', '35', '1.89', '+351 900 000 008', '114215072020');
insert into profile (surname , name , age ,  height, phone, imported) values ('Manuel', 'Antonio Jose', '53', '1.79', '+351 900 000 009', '114215072020');
insert into profile (surname , name , age ,  height, phone, imported) values ('Eureka', 'Archimedes', '64', '1.79', '+351 900 000 010', '114215072020');
select surname , name , age ,  height, phone from profile where imported like '114215072020';
/**********************************************************************************************/
create database liga;
use liga;
create table Clubes (chave INT NOT NULL AUTO_INCREMENT PRIMARY KEY, Clube TEXT, Cidade TEXT, Estadio TEXT, Lotacao INT, imported TEXT);
insert into Clubes (Clube, Cidade, Estadio, Lotacao, imported) values ('Desportivo das Aves','Vila das Aves', 'Estadio do Desportivo das Aves', '8560', '114215072020');
insert into Clubes (Clube, Cidade, Estadio, Lotacao, imported) values ('Belenenses SAD', 'Lisboa',  'Estadio Nacional do Jamor', '37500', '114215072020');
insert into Clubes (Clube, Cidade, Estadio, Lotacao, imported) values ('Benfica', 'Lisboa',  'Estadio da Luz', '65000', '114215072020');
insert into Clubes (Clube, Cidade, Estadio, Lotacao, imported) values ('Boavista', 'Porto',  'Estadio do Bessa', '30000', '114215072020');
insert into Clubes (Clube, Cidade, Estadio, Lotacao, imported) values ('SC Braga', 'Braga',  'Estadio Municipal de Braga', '30000', '114215072020');
insert into Clubes (Clube, Cidade, Estadio, Lotacao, imported) values ('Gil Vicente', 'Barcelos', 'Estadio Cidade de Barcelos', '12500', '114215072020');
insert into Clubes (Clube, Cidade, Estadio, Lotacao, imported) values ('Famalicão', 'Vila Nova de Famalicao',  'Estadio Municipal 22 de Junho', '5300', '114215072020');
insert into Clubes (Clube, Cidade, Estadio, Lotacao, imported) values ('Marítimo', 'Funchal',  'Estadio do Maritimo (Barreiros)', '10600', '114215072020');
insert into Clubes (Clube, Cidade, Estadio, Lotacao, imported) values ('Moreirense', 'Moreira de Conegos',  'Estadio Comendador Joaquim de Almeida Freitas', '6153', '114215072020');
insert into Clubes (Clube, Cidade, Estadio, Lotacao, imported) values ('Paços de Ferreira', 'Pacos de Ferreira',  'Estadio da Mata Real', '9000', '114215072020');
insert into Clubes (Clube, Cidade, Estadio, Lotacao, imported) values ('Portimonense', 'Portimao',  'Estadio Municipal de Portimao', '9544', '114215072020');
insert into Clubes (Clube, Cidade, Estadio, Lotacao, imported) values ('FC Porto', 'Porto', 'Estadio do Dragao', '50000', '114215072020');
insert into Clubes (Clube, Cidade, Estadio, Lotacao, imported) values ('Rio Ave', 'Vila do Conde',  'Estadio dos Arcos', '9065', '114215072020');
insert into Clubes (Clube, Cidade, Estadio, Lotacao, imported) values ('Santa Clara', 'Ponta Delgada',  'Estadio de Sao Miguel', '12500', '114215072020');
insert into Clubes (Clube, Cidade, Estadio, Lotacao, imported) values ('Sporting', 'Lisboa',  'Estadio Jose Alvalade', '50000', '114215072020');
insert into Clubes (Clube, Cidade, Estadio, Lotacao, imported) values ('Tondela', 'Tondela', 'Estadio Joao Cardoso', '5000', '114215072020');
insert into Clubes (Clube, Cidade, Estadio, Lotacao, imported) values ('Vitoria de Guimarães', 'Guimaraes', 'Estadio D. Afonso Henriques', '30000', '114215072020');
insert into Clubes (Clube, Cidade, Estadio, Lotacao, imported) values ('Vitoria de Setúbal', 'Setubal', 'Estadio do Bonfim', '17000', '114215072020');
create table Vencedores (chave INT NOT NULL AUTO_INCREMENT PRIMARY KEY, Ano INT, Campeao TEXT, imported TEXT);
insert into Vencedores (Ano, Campeao, imported) values ('1935', 'FC Porto', '114215072020');
insert into Vencedores (Ano, Campeao, imported) values ('1936', 'Benfica', '114215072020');
insert into Vencedores (Ano, Campeao, imported) values ('1937', 'Benfica', '114215072020');
insert into Vencedores (Ano, Campeao, imported) values ('1938', 'Benfica', '114215072020');
insert into Vencedores (Ano, Campeao, imported) values ('1939', 'FC Porto', '114215072020');
insert into Vencedores (Ano, Campeao, imported) values ('1940', 'FC Porto', '114215072020');
insert into Vencedores (Ano, Campeao, imported) values ('1941', 'Sporting', '114215072020');
insert into Vencedores (Ano, Campeao, imported) values ('1942', 'Benfica', '114215072020');
insert into Vencedores (Ano, Campeao, imported) values ('1943', 'Benfica', '114215072020');
insert into Vencedores (Ano, Campeao, imported) values ('1944', 'Sporting', '114215072020');
insert into Vencedores (Ano, Campeao, imported) values ('1945', 'Benfica', '114215072020');
insert into Vencedores (Ano, Campeao, imported) values ('1946', 'Belenenses', '114215072020');
insert into Vencedores (Ano, Campeao, imported) values ('1947', 'Sporting', '114215072020');
insert into Vencedores (Ano, Campeao, imported) values ('1948', 'Sporting', '114215072020');
insert into Vencedores (Ano, Campeao, imported) values ('1949', 'Sporting', '114215072020');
insert into Vencedores (Ano, Campeao, imported) values ('1950', 'Benfica', '114215072020');
insert into Vencedores (Ano, Campeao, imported) values ('1951', 'Sporting', '114215072020');
insert into Vencedores (Ano, Campeao, imported) values ('1952', 'Sporting', '114215072020');
insert into Vencedores (Ano, Campeao, imported) values ('1953', 'Sporting', '114215072020');
insert into Vencedores (Ano, Campeao, imported) values ('1954', 'Sporting', '114215072020');
insert into Vencedores (Ano, Campeao, imported) values ('1955', 'Benfica', '114215072020');
insert into Vencedores (Ano, Campeao, imported) values ('1956', 'FC Porto', '114215072020');
insert into Vencedores (Ano, Campeao, imported) values ('1957', 'Benfica', '114215072020');
insert into Vencedores (Ano, Campeao, imported) values ('1958', 'Sporting', '114215072020');
insert into Vencedores (Ano, Campeao, imported) values ('1959', 'FC Porto', '114215072020');
insert into Vencedores (Ano, Campeao, imported) values ('1960', 'Benfica', '114215072020');
insert into Vencedores (Ano, Campeao, imported) values ('1961', 'Benfica', '114215072020');
insert into Vencedores (Ano, Campeao, imported) values ('1962', 'Sporting', '114215072020');
insert into Vencedores (Ano, Campeao, imported) values ('1963', 'Benfica', '114215072020');
insert into Vencedores (Ano, Campeao, imported) values ('1964', 'Benfica', '114215072020');
insert into Vencedores (Ano, Campeao, imported) values ('1965', 'Benfica', '114215072020');
insert into Vencedores (Ano, Campeao, imported) values ('1966', 'Sporting', '114215072020');
insert into Vencedores (Ano, Campeao, imported) values ('1967', 'Benfica', '114215072020');
insert into Vencedores (Ano, Campeao, imported) values ('1968', 'Benfica', '114215072020');
insert into Vencedores (Ano, Campeao, imported) values ('1969', 'Benfica', '114215072020');
insert into Vencedores (Ano, Campeao, imported) values ('1970', 'Sporting', '114215072020');
insert into Vencedores (Ano, Campeao, imported) values ('1971', 'Benfica', '114215072020');
insert into Vencedores (Ano, Campeao, imported) values ('1972', 'Benfica', '114215072020');
insert into Vencedores (Ano, Campeao, imported) values ('1973', 'Benfica', '114215072020');
insert into Vencedores (Ano, Campeao, imported) values ('1974', 'Sporting', '114215072020');
insert into Vencedores (Ano, Campeao, imported) values ('1975', 'Benfica', '114215072020');
insert into Vencedores (Ano, Campeao, imported) values ('1976', 'Benfica', '114215072020');
insert into Vencedores (Ano, Campeao, imported) values ('1977', 'Benfica', '114215072020');
insert into Vencedores (Ano, Campeao, imported) values ('1978', 'FC Porto', '114215072020');
insert into Vencedores (Ano, Campeao, imported) values ('1979', 'FC Porto', '114215072020');
insert into Vencedores (Ano, Campeao, imported) values ('1980', 'Sporting', '114215072020');
insert into Vencedores (Ano, Campeao, imported) values ('1981', 'Benfica', '114215072020');
insert into Vencedores (Ano, Campeao, imported) values ('1982', 'Sporting', '114215072020');
insert into Vencedores (Ano, Campeao, imported) values ('1983', 'Benfica', '114215072020');
insert into Vencedores (Ano, Campeao, imported) values ('1984', 'Benfica', '114215072020');
insert into Vencedores (Ano, Campeao, imported) values ('1985', 'FC Porto', '114215072020');
insert into Vencedores (Ano, Campeao, imported) values ('1986', 'FC Porto', '114215072020');
insert into Vencedores (Ano, Campeao, imported) values ('1987', 'Benfica', '114215072020');
insert into Vencedores (Ano, Campeao, imported) values ('1988', 'FC Porto', '114215072020');
insert into Vencedores (Ano, Campeao, imported) values ('1989', 'Benfica', '114215072020');
insert into Vencedores (Ano, Campeao, imported) values ('1990', 'FC Porto', '114215072020');
insert into Vencedores (Ano, Campeao, imported) values ('1991', 'Benfica', '114215072020');
insert into Vencedores (Ano, Campeao, imported) values ('1992', 'FC Porto', '114215072020');
insert into Vencedores (Ano, Campeao, imported) values ('1993', 'FC Porto', '114215072020');
insert into Vencedores (Ano, Campeao, imported) values ('1994', 'Benfica', '114215072020');
insert into Vencedores (Ano, Campeao, imported) values ('1995', 'FC Porto', '114215072020');
insert into Vencedores (Ano, Campeao, imported) values ('1996', 'FC Porto', '114215072020');
insert into Vencedores (Ano, Campeao, imported) values ('1997', 'FC Porto', '114215072020');
insert into Vencedores (Ano, Campeao, imported) values ('1998', 'FC Porto', '114215072020');
insert into Vencedores (Ano, Campeao, imported) values ('1999', 'FC Porto', '114215072020');
insert into Vencedores (Ano, Campeao, imported) values ('2000', 'Sporting', '114215072020');
insert into Vencedores (Ano, Campeao, imported) values ('2001', 'Boavista', '114215072020');
insert into Vencedores (Ano, Campeao, imported) values ('2002', 'Sporting', '114215072020');
insert into Vencedores (Ano, Campeao, imported) values ('2003', 'FC Porto', '114215072020');
insert into Vencedores (Ano, Campeao, imported) values ('2004', 'FC Porto', '114215072020');
insert into Vencedores (Ano, Campeao, imported) values ('2005', 'Benfica', '114215072020');
insert into Vencedores (Ano, Campeao, imported) values ('2006', 'FC Porto', '114215072020');
insert into Vencedores (Ano, Campeao, imported) values ('2007', 'FC Porto', '114215072020');
insert into Vencedores (Ano, Campeao, imported) values ('2008', 'FC Porto', '114215072020');
insert into Vencedores (Ano, Campeao, imported) values ('2009', 'FC Porto', '114215072020');
insert into Vencedores (Ano, Campeao, imported) values ('2010', 'Benfica', '114215072020');
select Clube, Cidade, Estadio, Lotacao from Clubes where imported like '114215072020';
select Ano, Campeao from Vencedores where imported like '114215072020';
/**********************************************************************************************/
/* Insert a new database code, here! */

/**********************************************************************************************/

